{"name":"ASAP Tasks","short_name":"ASAP Tasks","description":"ASAP Tasks is a simple and straight to the point to do list app made to be free of distractions while being in your face with bold colors.","scope":"./","icons":[{"src":"Icon.png","sizes":"192x192","type":"image/png","background":"#ffc900"},{"src":"Icon.png","sizes":"512x512","type":"image/png","background":"#ffc900"}],"start_url":"/projeto_app_todolist/index.html","theme_color":"#ffc900","background_color":"#ffc900","display":"standalone","prefer_related_applications":false}